{"stats":{"minecraft:used":{"minecraft:red_sand":1,"minecraft:jack_o_lantern":89,"minecraft:end_rod":4,"minecraft:writable_book":38,"minecraft:iron_bars":20,"minecraft:light_blue_glazed_terracotta":7,"minecraft:pink_glazed_terracotta":5,"minecraft:orange_concrete":118,"minecraft:melon":2,"minecraft:birch_planks":20,"minecraft:red_concrete":63,"minecraft:redstone":1,"minecraft:jungle_fence":18,"minecraft:bamboo_sign":4,"minecraft:smooth_sandstone_slab":6,"minecraft:cherry_planks":2,"minecraft:tinted_glass":7,"minecraft:purple_glazed_terracotta":4,"minecraft:stone":6,"minecraft:black_glazed_terracotta":1,"minecraft:jungle_hanging_sign":2,"minecraft:beacon":1,"minecraft:green_glazed_terracotta":1,"minecraft:pink_concrete":125,"minecraft:torch":16,"minecraft:glow_item_frame":34,"minecraft:diamond_block":6,"minecraft:light_blue_concrete":181,"minecraft:cyan_glazed_terracotta":4,"minecraft:orange_glazed_terracotta":39,"minecraft:yellow_concrete":194,"minecraft:light_gray_glazed_terracotta":1,"minecraft:campfire":1,"minecraft:dark_oak_fence_gate":1,"minecraft:ochre_froglight":2,"minecraft:painting":3,"minecraft:brown_glazed_terracotta":11,"minecraft:light_blue_stained_glass":19,"minecraft:birch_fence":1,"minecraft:amethyst_cluster":2,"minecraft:glass":192,"minecraft:lever":4,"minecraft:blue_glazed_terracotta":10,"minecraft:sea_lantern":16,"minecraft:cherry_hanging_sign":11,"minecraft:bricks":391,"minecraft:light_gray_stained_glass":49,"minecraft:bookshelf":2,"minecraft:command_block":261,"minecraft:lantern":23,"minecraft:light_weighted_pressure_plate":7,"minecraft:light_gray_candle":4,"minecraft:quartz_block":128,"minecraft:lectern":8,"minecraft:white_glazed_terracotta":14,"minecraft:cherry_leaves":1,"minecraft:cherry_sign":16,"minecraft:smooth_quartz":380,"minecraft:pink_stained_glass_pane":2,"minecraft:item_frame":18,"minecraft:magenta_banner":4,"minecraft:jungle_sign":196,"minecraft:birch_button":91,"minecraft:glowstone":2,"minecraft:lime_concrete":87,"minecraft:hay_block":6,"minecraft:gray_glazed_terracotta":18,"minecraft:yellow_glazed_terracotta":10,"minecraft:acacia_fence":117,"minecraft:chain":193,"minecraft:magenta_glazed_terracotta":6,"minecraft:pearlescent_froglight":11,"minecraft:gray_wool":1,"minecraft:lime_glazed_terracotta":13},"minecraft:picked_up":{"minecraft:shulker_shell":4,"minecraft:birch_button":41,"minecraft:lantern":6,"minecraft:orange_concrete":1,"minecraft:grindstone":1,"minecraft:acacia_fence":1,"minecraft:glow_item_frame":2,"minecraft:yellow_concrete":1,"minecraft:torch":8,"minecraft:lime_concrete":1,"minecraft:light_blue_stained_glass":1,"minecraft:jungle_sign":26,"minecraft:command_block":5,"minecraft:writable_book":2,"minecraft:cherry_hanging_sign":2,"minecraft:jack_o_lantern":1,"minecraft:bricks":1},"minecraft:custom":{"minecraft:leave_game":38,"minecraft:time_since_death":2204303,"minecraft:time_since_rest":2204303,"minecraft:sprint_one_cm":2587,"minecraft:walk_one_cm":1601455,"minecraft:drop":18,"minecraft:interact_with_beacon":1,"minecraft:fly_one_cm":3120847,"minecraft:crouch_one_cm":1,"minecraft:play_time":2204303,"minecraft:sneak_time":533,"minecraft:interact_with_lectern":38,"minecraft:jump":852,"minecraft:total_world_time":2426007,"minecraft:fall_one_cm":1477},"minecraft:dropped":{"minecraft:bricks":1,"minecraft:yellow_concrete":1,"minecraft:grindstone":1,"minecraft:cherry_hanging_sign":2,"minecraft:command_block":6,"minecraft:light_blue_stained_glass":1,"minecraft:jack_o_lantern":1,"minecraft:jungle_sign":1,"minecraft:birch_button":3,"minecraft:acacia_fence":1}},"DataVersion":3463}